Algorithms,Acc,Acc_SD,BCR,BCR_SD,MCC,MCC_SD,DI,DI_SD,CV,CV_SD,Run Time
Kamishima Acc/DI,0.801072647489,0.0,0.7979522184300342,0.0,0.400754125914,0.0,0.5173467147046805,0.0,1.0736677648088087,0.0,4:24:20.327066
Kamishima Acc,0.801365187713,0.0,0.7967820575329108,0.0,0.401718607814,0.0,0.5048273316380937,0.0,1.0784112902178289,0.0,4:15:11.365353
Kamishima DI,0.808093612872,0.0,0.7960507069722087,0.0,0.411800727334,0.0,0.5102229721675905,0.0,1.0798018904224986,0.0,4:05:23.125366
