algorithm,params,accuracy,MCC,DisparateImpact,CV
SVM,{},0.8557787945096479,0.5998144367046059,0.6722183038902156,1.0
