Algorithms,Acc,Acc_SD,BCR,BCR_SD,MCC,MCC_SD,DI,DI_SD,CV,CV_SD,Run Time
Kamishima Acc/DI,0.695826426134,0.222939976952,0.7700633837152608,0.053403745659,0.339611794674,0.162086825897,0.5871180546133103,0.207629178533,1.0661979480879022,0.0339401349145,0:06:40.328167
Kamishima Acc,0.75168210629,0.164652619668,0.7850560702096538,0.0374674714184,0.379329611747,0.106654092896,0.5517030688562122,0.156957604612,1.0699672804008766,0.0293430944681,0:06:34.201065
Kamishima DI,0.585236470015,0.268512440325,0.7433008288639689,0.0641487545272,0.262141073858,0.181722224441,0.7027106805229129,0.251515608454,1.0451590008517826,0.0449019855029,0:06:25.589099
