algorithm,params,accuracy,TPR,TNR,BCR,MCC,DIbinary,DIavgall,CV,0-Accuracy,1-Accuracy,race-Accuracy,0-Accuracy,1-Accuracy,sex-Accuracy,0-Accuracy,1-Accuracy,race-sex-Accuracy
Zafar,,0.25044758305152176,1.0,0.0,0.5,0.0,1.0,1.0,1.0,0.15845070422535212,0.2655779476488302,0.21201432593709116,0.12043465137337761,0.31434505266280965,0.21738985201809363,0.13914110429447854,0.3263087472821542,0.23272492578831638
Zafar,,0.25104436045355083,1.0,0.0,0.5,0.0,1.0,1.0,1.0,0.14861995753715498,0.26779307950468695,0.20820651852092098,0.1080171358629131,0.31992337164750956,0.21397025375521134,0.12940884252359663,0.3322826808228268,0.23084576167321172
