Algorithms,Acc,Acc_SD,BCR,BCR_SD,MCC,MCC_SD,DI,DI_SD,CV,CV_SD,Run Time
Kamishima Acc/DI,0.747058823529,0.0,0.6691176470588236,0.0,0.394807427443,0.0,0.8963461538461538,0.0,1.0878422425032594,0.0,0:09:08.112634
Kamishima Acc,0.744117647059,0.0,0.6779411764705883,0.0,0.325949227524,0.0,0.858944658944659,0.0,1.1110435663627154,0.0,0:09:08.145245
Kamishima DI,0.758823529412,0.0,0.6852941176470588,0.0,0.401142644287,0.0,0.9009417509591908,0.0,1.0736896730669434,0.0,0:09:09.153567
