Algorithms,Acc,Acc_SD,BCR,BCR_SD,MCC,MCC_SD,DI,DI_SD,CV,CV_SD,Run Time
Kamishima Acc/DI,0.744117647059,0.0248525060874,0.6804411764705882,0.00986610183395,0.366561559479,0.059886435782,0.9448297449492223,0.0874410395108,1.0434627541434993,0.0741253485774,0:08:18.596411
Kamishima Acc,0.764117647059,0.0115270105543,0.6751470588235293,0.00912357492309,0.399384788768,0.041306359372,0.8704408655698034,0.0495278630091,1.1057656810371923,0.0409163770743,0:00:15.926871
Kamishima DI,0.750882352941,0.0339460695831,0.6808823529411765,0.00802784944939,0.33506177838,0.116983302041,0.9701348272941098,0.0886890846615,1.0219291718457704,0.0731513748584,0:00:20.063549
