Algorithms,Acc,Acc_SD,BCR,BCR_SD,MCC,MCC_SD,DI,DI_SD,CV,CV_SD,Run Time
Kamishima Acc/DI,0.65,0.0,0.675,0.0,0.328243975945,0.0,0.5625,0.0,1.2916666666666665,0.0,0:00:05.488582
Kamishima Acc,0.65,0.0,0.675,0.0,0.477059961532,0.0,0.7120743034055728,0.0,1.237851662404092,0.0,0:00:06.340119
Kamishima DI,0.75,0.0,0.7,0.0,0.51031036308,0.0,0.75,0.0,1.1666666666666665,0.0,0:00:05.312570
