algorithm,params,run-id,accuracy,TPR,TNR,BCR,MCC,DIbinary,DIavgall,CV,0-accuracy,1-accuracy,Race-accuracy,0-accuracy_over_1-accuracy,Race-accuracyRatio,diff:1-accuracyto0-accuracy,Race-accuracyDiff,0-TPR,1-TPR,Race-TPR,0-TPR_over_1-TPR,Race-TPRRatio,diff:1-TPRto0-TPR,Race-TPRDiff,0-TNR,1-TNR,Race-TNR,0-TNR_over_1-TNR,Race-TNRRatio,diff:1-TNRto0-TNR,Race-TNRDiff,0-FPR,1-FPR,Race-FPR,0-FPR_over_1-FPR,Race-FPRRatio,diff:1-FPRto0-FPR,Race-FPRDiff,0-FNR,1-FNR,Race-FNR,0-FNR_over_1-FNR,Race-FNRRatio,diff:1-FNRto0-FNR,Race-FNRDiff,0-calibration+,1-calibration+,Race-calibration+,0-calibration+_over_1-calibration+,Race-calibration+Ratio,diff:1-calibration+to0-calibration+,Race-calibration+Diff,0-calibration-,1-calibration-,Race-calibration-,0-calibration-_over_1-calibration-,Race-calibration-Ratio,diff:1-calibration-to0-calibration-,Race-calibration-Diff
Feldman-SVM-DIavgall,lambda=0.95,0,0.9615384615384616,0.9375,0.9782608695652174,0.9578804347826086,0.9204627361889042,0.5578512396694215,0.5578512396694215,0.7838383838383838,0.9696969696969697,0.9555555555555556,0.9626262626262627,1.014799154334038,1.014799154334038,1.014141414141414,1.014141414141414,1.0,0.9166666666666666,0.9583333333333333,1.090909090909091,1.090909090909091,1.0833333333333335,1.0833333333333335,0.96,1.0,0.98,0.96,0.96,0.96,0.96,0.040000000000000036,0.0,0.020000000000000018,0.0,1.0,1.04,1.04,0.0,0.08333333333333337,0.041666666666666685,0.0,1.0,0.9166666666666666,0.9166666666666666,0.8888888888888888,1.0,0.9444444444444444,0.8888888888888888,0.8888888888888888,0.8888888888888888,0.8888888888888888,0.0,0.08695652173913043,0.043478260869565216,0.0,1.0,0.9130434782608696,0.9130434782608696
Feldman-SVM-DIavgall,lambda=0.6,1,0.9871794871794872,1.0,0.975609756097561,0.9878048780487805,0.9746465077901963,0.46218487394957986,0.46218487394957986,0.6577540106951871,0.9705882352941176,1.0,0.9852941176470589,0.9705882352941176,0.9705882352941176,0.9705882352941176,0.9705882352941176,1.0,1.0,1.0,1.0,1.0,1.0,1.0,0.96,1.0,0.98,0.96,0.96,0.96,0.96,0.040000000000000036,0.0,0.020000000000000018,0.0,1.0,1.04,1.04,0.0,0.0,1.0,1.0,1.0,1.0,1.0,0.9,1.0,0.95,0.9,0.9,0.9,0.9,0.0,0.0,1.0,1.0,1.0,1.0,1.0
Feldman-SVM-DIavgall,lambda=0.45,2,1.0,1.0,1.0,1.0,1.0,0.40784780023781214,0.40784780023781214,0.6495425756509501,1.0,1.0,1.0,1.0,1.0,1.0,1.0,1.0,1.0,1.0,1.0,1.0,1.0,1.0,1.0,1.0,1.0,1.0,1.0,1.0,1.0,0.0,0.0,1.0,1.0,1.0,1.0,1.0,0.0,0.0,1.0,1.0,1.0,1.0,1.0,1.0,1.0,1.0,1.0,1.0,1.0,1.0,0.0,0.0,1.0,1.0,1.0,1.0,1.0
