Algorithms,Acc,Acc_SD,BCR,BCR_SD,MCC,MCC_SD,DI,DI_SD,CV,CV_SD,Run Time
Kamishima Acc/DI,0.605,0.151986841536,0.7150000000000001,0.031024184115,0.262423335192,0.281353325802,0.8777059052059052,0.203857471002,1.0799696307591045,0.140398259628,0:00:04.733280
Kamishima Acc,0.7875,0.103832798286,0.66125,0.0501404278003,0.613900670422,0.145389637575,0.510649940588021,0.259379449654,1.357507364429292,0.207419812103,0:00:01.441293
Kamishima DI,0.645,0.232056027717,0.7,0.0395284707521,0.393365442993,0.356134466474,0.7844373078445102,0.259797520487,1.1459045905361696,0.187699314036,0:00:01.404502
